"","position","residue","score","error"
"1",1,"M",0.99,0.008
"2",2,"W",0.979,0.017
"3",3,"G",0.965,0.03
"4",4,"R",0.946,0.027
"5",5,"R",0.936,0.031
"6",6,"R",0.917,0.039
"7",7,"K",0.863,0.07
"8",8,"L",0.855,0.073
"9",9,"R",0.798,0.107
"10",10,"R",0.679,0.156
"11",11,"L",0.726,0.22
"12",12,"N",0.593,0.228
"13",13,"D",0.461,0.183
"14",14,"V",0.375,0.159
"15",15,"T",0.263,0.12
"16",16,"I",0.213,0.089
"17",17,"S",0.164,0.069
"18",18,"T",0.129,0.042
"19",19,"C",0.116,0.038
"20",20,"H",0.113,0.035
"21",21,"V",0.124,0.041
"22",22,"S",0.137,0.05
"23",23,"A",0.137,0.051
"24",24,"K",0.154,0.061
"25",25,"V",0.151,0.064
"26",26,"G",0.139,0.052
"27",27,"T",0.14,0.051
"28",28,"R",0.16,0.068
"29",29,"L",0.165,0.075
"30",30,"V",0.166,0.081
"31",31,"F",0.175,0.079
"32",32,"D",0.175,0.082
"33",33,"H",0.179,0.079
"34",34,"D",0.203,0.078
"35",35,"G",0.231,0.092
"36",36,"K",0.262,0.096
"37",37,"I",0.251,0.109
"38",38,"I",0.236,0.096
"39",39,"Q",0.212,0.088
"40",40,"K",0.196,0.066
"41",41,"T",0.197,0.054
"42",42,"P",0.177,0.044
"43",43,"Y",0.168,0.036
"44",44,"P",0.139,0.047
"45",45,"H",0.135,0.05
"46",46,"P",0.141,0.052
"47",47,"R",0.14,0.056
"48",48,"G",0.131,0.054
"49",49,"T",0.116,0.055
"50",50,"T",0.116,0.055
"51",51,"V",0.118,0.05
"52",52,"S",0.113,0.04
"53",53,"V",0.119,0.045
"54",54,"K",0.125,0.05
"55",55,"Q",0.143,0.054
"56",56,"L",0.17,0.067
"57",57,"F",0.221,0.096
"58",58,"S",0.244,0.104
"59",59,"T",0.221,0.102
"60",60,"L",0.199,0.091
"61",61,"P",0.19,0.088
"62",62,"V",0.208,0.115
"63",63,"R",0.199,0.112
"64",64,"H",0.177,0.103
"65",65,"K",0.192,0.118
"66",66,"E",0.158,0.084
"67",67,"F",0.185,0.095
"68",68,"Q",0.162,0.074
"69",69,"R",0.141,0.05
"70",70,"N",0.141,0.044
"71",71,"I",0.14,0.04
"72",72,"K",0.134,0.047
"73",73,"K",0.136,0.049
"74",74,"K",0.128,0.041
"75",75,"R",0.12,0.031
"76",76,"A",0.114,0.035
"77",77,"C",0.112,0.039
"78",78,"F",0.11,0.038
"79",79,"P",0.107,0.038
"80",80,"F",0.116,0.046
"81",81,"A",0.122,0.046
"82",82,"F",0.138,0.05
"83",83,"C",0.149,0.046
"84",84,"R",0.16,0.049
"85",85,"D",0.196,0.077
"86",86,"C",0.229,0.1
"87",87,"Q",0.257,0.108
"88",88,"F",0.296,0.11
"89",89,"L",0.303,0.104
"90",90,"E",0.311,0.093
"91",91,"G",0.354,0.094
"92",92,"S",0.368,0.103
"93",93,"P",0.35,0.106
"94",94,"A",0.376,0.122
"95",95,"M",0.398,0.124
"96",96,"L",0.372,0.106
"97",97,"P",0.319,0.099
"98",98,"V",0.333,0.114
"99",99,"Q",0.321,0.141
"100",100,"P",0.363,0.177
"101",101,"A",0.392,0.181
"102",102,"K",0.429,0.152
"103",103,"L",0.414,0.13
"104",104,"T",0.362,0.119
"105",105,"P",0.323,0.122
"106",106,"R",0.327,0.096
"107",107,"S",0.305,0.1
"108",108,"T",0.303,0.096
"109",109,"P",0.254,0.081
"110",110,"P",0.237,0.072
"111",111,"H",0.239,0.074
"112",112,"P",0.225,0.062
"113",113,"C",0.235,0.067
"114",114,"S",0.232,0.065
"115",115,"L",0.246,0.056
"116",116,"E",0.268,0.051
"117",117,"D",0.337,0.09
"118",118,"N",0.427,0.101
"119",119,"V",0.485,0.105
"120",120,"I",0.548,0.117
"121",121,"T",0.619,0.111
"122",122,"V",0.685,0.088
"123",123,"F",0.754,0.068
"124",124,"S",0.758,0.074
"125",125,"S",0.892,0.055
"126",126,"V",0.938,0.043
"127",127,"K",0.95,0.041
"128",128,"N",0.949,0.051
"129",129,"G",0.966,0.03
"130",130,"P",0.957,0.023
"131",131,"G",0.973,0.025
"132",132,"S",0.964,0.035
"133",133,"S",0.973,0.029
"134",134,"R",0.949,0.055
