,position,residue,score,error,,
1,1,M,0.987,0.007,1,
2,2,N,0.982,0.005,1,
3,3,T,0.969,0.009,1,
4,4,L,0.957,0.021,1,
5,5,Q,0.919,0.025,1,
6,6,G,0.882,0.032,1,
7,7,P,0.811,0.068,1,
8,8,V,0.782,0.054,1,
9,9,S,0.76,0.071,1,
10,10,F,0.616,0.125,1,
11,11,K,0.681,0.188,1,
12,12,D,0.701,0.181,1,
13,13,V,0.69,0.144,1,
14,14,A,0.585,0.138,1,
15,15,V,0.538,0.171,1,
16,16,D,0.417,0.196,0,
17,17,F,0.405,0.22,0,
18,18,T,0.326,0.212,0,
19,19,Q,0.237,0.139,0,
20,20,E,0.214,0.1,0,
21,21,E,0.183,0.071,0,
22,22,W,0.196,0.068,0,
23,23,R,0.192,0.056,0,
24,24,Q,0.211,0.065,0,
25,25,L,0.191,0.056,0,
26,26,D,0.17,0.045,0,
27,27,P,0.147,0.042,0,
28,28,D,0.143,0.037,0,
29,29,E,0.112,0.032,0,
30,30,K,0.105,0.039,0,
31,31,I,0.096,0.036,0,
32,32,A,0.091,0.042,0,
33,33,Y,0.101,0.06,0,
34,34,G,0.098,0.054,0,
35,35,D,0.1,0.053,0,
36,36,V,0.096,0.049,0,
37,37,M,0.08,0.034,0,
38,38,L,0.077,0.036,0,
39,39,E,0.08,0.038,0,
40,40,N,0.085,0.035,0,
41,41,Y,0.091,0.036,0,
42,42,S,0.102,0.05,0,
43,43,H,0.104,0.054,0,
44,44,L,0.1,0.044,0,
45,45,V,0.102,0.042,0,
46,46,S,0.119,0.048,0,
47,47,V,0.149,0.047,0,
48,48,G,0.175,0.05,0,
49,49,Y,0.216,0.055,0,
50,50,D,0.271,0.062,0,
51,51,Y,0.344,0.069,0,
52,52,H,0.33,0.077,0,
53,53,Q,0.336,0.066,0,
54,54,A,0.299,0.059,0,
55,55,K,0.284,0.068,0,
56,56,H,0.29,0.071,0,
57,57,H,0.282,0.073,0,
58,58,H,0.275,0.096,0,
59,59,G,0.291,0.121,0,
60,60,V,0.319,0.15,0,
61,61,E,0.307,0.143,0,
62,62,V,0.319,0.135,0,
63,63,K,0.305,0.126,0,
64,64,E,0.297,0.115,0,
65,65,V,0.241,0.065,0,
66,66,E,0.207,0.059,0,
67,67,Q,0.236,0.052,0,
68,68,G,0.228,0.061,0,
69,69,E,0.229,0.075,0,
70,70,E,0.21,0.094,0,
71,71,P,0.19,0.088,0,
72,72,W,0.198,0.092,0,
73,73,I,0.197,0.087,0,
74,74,M,0.203,0.076,0,
75,75,E,0.202,0.076,0,
76,76,G,0.188,0.065,0,
77,77,E,0.193,0.074,0,
78,78,F,0.212,0.093,0,
79,79,P,0.206,0.095,0,
80,80,C,0.256,0.103,0,
81,81,Q,0.274,0.121,0,
82,82,H,0.282,0.125,0,
83,83,S,0.282,0.13,0,
84,84,P,0.267,0.11,0,
85,85,E,0.274,0.11,0,
86,86,P,0.3,0.123,0,
87,87,A,0.321,0.104,0,
88,88,K,0.306,0.096,0,
89,89,A,0.295,0.102,0,
90,90,I,0.285,0.088,0,
91,91,K,0.271,0.085,0,
92,92,P,0.296,0.091,0,
93,93,I,0.277,0.094,0,
94,94,D,0.213,0.088,0,
95,95,R,0.196,0.086,0,
96,96,K,0.222,0.103,0,
97,97,S,0.236,0.125,0,
98,98,V,0.21,0.119,0,
99,99,H,0.184,0.111,0,
100,100,Q,0.17,0.104,0,
101,101,I,0.191,0.102,0,
102,102,C,0.178,0.082,0,
103,103,S,0.172,0.071,0,
104,104,G,0.175,0.065,0,
105,105,P,0.176,0.071,0,
106,106,V,0.186,0.08,0,
107,107,V,0.215,0.095,0,
108,108,L,0.231,0.088,0,
109,109,S,0.209,0.066,0,
110,110,L,0.203,0.052,0,
111,111,S,0.19,0.046,0,
112,112,T,0.184,0.06,0,
113,113,A,0.182,0.067,0,
114,114,V,0.154,0.055,0,
115,115,K,0.157,0.06,0,
116,116,E,0.166,0.07,0,
117,117,L,0.188,0.068,0,
118,118,V,0.146,0.039,0,
119,119,E,0.129,0.036,0,
120,120,N,0.128,0.037,0,
121,121,S,0.114,0.032,0,
122,122,L,0.108,0.036,0,
123,123,D,0.107,0.042,0,
124,124,A,0.109,0.044,0,
125,125,G,0.109,0.044,0,
126,126,A,0.118,0.049,0,
127,127,T,0.129,0.051,0,
128,128,N,0.124,0.052,0,
129,129,I,0.124,0.057,0,
130,130,D,0.12,0.047,0,
131,131,L,0.124,0.044,0,
132,132,K,0.123,0.042,0,
133,133,L,0.132,0.047,0,
134,134,K,0.151,0.064,0,
135,135,D,0.171,0.082,0,
136,136,Y,0.19,0.097,0,
137,137,G,0.222,0.121,0,
138,138,V,0.254,0.143,0,
139,139,D,0.279,0.153,0,
140,140,L,0.276,0.152,0,
141,141,I,0.267,0.149,0,
142,142,E,0.23,0.125,0,
143,143,V,0.229,0.121,0,
144,144,S,0.211,0.106,0,
145,145,D,0.231,0.111,0,
146,146,N,0.266,0.124,0,
147,147,G,0.299,0.134,0,
148,148,C,0.356,0.154,0,
149,149,G,0.402,0.17,0,
150,150,V,0.439,0.17,0,
151,151,E,0.447,0.172,0,
152,152,E,0.461,0.177,0,
153,153,E,0.519,0.181,1,
154,154,N,0.575,0.179,1,
155,155,F,0.649,0.137,1,
156,156,E,0.64,0.13,1,
157,157,G,0.652,0.126,1,
158,158,L,0.733,0.092,1,
159,159,I,0.808,0.12,1,
160,160,S,0.822,0.103,1,
161,161,F,0.818,0.155,1,
162,162,S,0.82,0.15,1,
163,163,S,0.909,0.067,1,
164,164,E,0.919,0.03,1,
165,165,T,0.927,0.042,1,
166,166,S,0.925,0.038,1,
167,167,H,0.952,0.024,1,
168,168,M,0.978,0.011,1,
,,,0.317886905,,0.18452381,31
,,,,,,0.18452381
